{
  "coursera_regressor": {
    "rmse": 0.15233111958251952,
    "mae": 0.11851703219376661,
    "r2": -0.46088740392613503
  },
  "ocr_classifier": {
    "accuracy": 0.32,
    "samples": 500
  },
  "fraud_classifier": {
    "accuracy": 0.99,
    "precision": 1.0,
    "recall": 0.9230769230769231,
    "f1_score": 0.96
  }
}